filename,predict
004e1f258601e0c291972a498261ec8e.jpg,0.9955493
00c2bdd31e7474a7b6e97db1f697f7fd.jpg,0.978108
0115cd7eb83b1a30e884d48bb2a68e1c.jpg,0.99991643
01ae0f072347f9edf3028d55663e95e8.jpg,0.99972755
026ecb6d22d91bde906672c68749c256.jpg,0.91087466
02a1d25bbea3352607c87cef8b28d1ee.jpg,0.6359335
02e26dabfa5faed8f67a120f20bd788a.jpg,0.078312576
02f9f33ea070e4120b792e560f0c0859.jpg,0.9997446
036e3e6cb32597d36925a03f60a3a403.jpg,0.06257567
03b142f5ee7926d5787ef348298c421d.jpg,0.9955183
03e668b707ba7324019c6066a23bbce6.jpg,0.79258823
046b599097d0aafb28d85ac8c7950b98.jpg,0.40797874
05540850bbad52b750b1b9c0b31f58e7.jpg,0.9519356
0570ff101a346e6c72d0fe6a652cd9dc.jpg,0.9975521
05aace830c0263d4d214f55e11215db3.jpg,0.9938305
067c1e35eeb9850bc8f2daebfe2fd221.jpg,1.0
072a59dca701a09d66e91ce258b2a930.jpg,0.03266078
075e3ecbcbc06689f529356a8e817562.jpg,0.9820879
078c09f72c5619017ff5fb502894bd30.jpg,0.019966304
082ff007f907ec8a8b3984eb11aea1fc.jpg,0.99986005
08cd02ec416e75987df3017fb592c204.jpg,0.45140788
092e242e8aa3d215a8f843425751a70c.jpg,0.9936232
09a2be74da4f79b392491545b6b07e7b.jpg,0.8492044
09ce8ab66f763556a49404feea2b580f.jpg,0.019646129
0a0bbbb8dc37a01552d3b92822488538.jpg,0.9617366
0af9bcd4b80f9fc2692722c4b4af83a5.jpg,0.99985003
0b214ec27e0b219ab0ddbd764d33effc.jpg,0.28294617
0b365ce13bec2090de9032875537af6f.jpg,0.45267007
0c053281c277488125bbad649405db43.jpg,0.008887465
0c35da66aed0f5461a27037156e6fbfe.jpg,0.99945515
0d518e55285b32d95fd2e903b15cf1b2.jpg,0.99974245
0d88564f045337ccabc4997e2e3e2823.jpg,0.9981231
0e340e4fefed5da120d1474d76247f8e.jpg,0.25171024
0e71865b5d5dbd3e2c8c133dd1d422c8.jpg,0.99873286
0e9a378d95ce490076c850e6e551ae0b.jpg,0.99998474
0ecfa87ac96f701ff4a3a162c90384ae.jpg,0.9988061
0ed3a0f1feffb3b3e6c7b89910f33d2e.jpg,0.85128796
0f6eb8d8d8e0a58745ff5a482e084590.jpg,0.99491704
0fa651533e424002ff3acebda5737bfd.jpg,0.10052642
0fe3fb92425b8503f7a4a89d16df8492.jpg,0.9999876
105161979203ec53449615af209973be.jpg,0.99977034
10bbbe88b158e503dc38c8354f3dd4b6.jpg,1.0
10d4dc637b49a6b1784bca461937a917.jpg,0.18197802
11e7cd1a4f180fcedf5cd57a3f7e176d.jpg,0.9999999
12b6497e493853347f9f159a9c83485a.jpg,0.8815669
12cd9c10915bbeabd30d36e1a70e6334.jpg,0.9997011
1431a3cbb1df1813feafc3e87fee068e.jpg,0.99952424
143af6a4ff5ba75d38b08aaf65d54adf.jpg,1.0
1477f49f16971c59df3c8adfd5c33fe9.jpg,0.9999999
15a478af7a96cfa12e4c2b9175313574.jpg,0.92661536
1618424ada58a2843a2ae31d6dff47a9.jpg,0.02138403
162006c0fe6a087a9d64959368c7df4c.jpg,0.88559234
163d5aaac380232ec840a9baaee08e72.jpg,0.997656
16f17f79ddc84b2db63b8cfe11cc082f.jpg,0.07467462
16f5b7e394926efdccb2c7a09c89da97.jpg,0.6030149
174bb0562bcff19573cdce8c66d6c805.jpg,0.9984012
178fe2870ab7ea80cba139adb4b877ee.jpg,0.9533179
183992cedba7bcc7f05404c1e420e87c.jpg,0.9999999
18c3b16c7268beed03159b0fdcb8e4df.jpg,0.9992913
18d800ff48e164927799ab291c5de68f.jpg,0.99767655
18dea13b5b554d7d6c729f7607d64d80.jpg,0.11552815
18fadc5ff881842a5a82dad5579cc7d0.jpg,0.1486821
1944c671e2fc7dcc7931a3a3ec0dd497.jpg,0.5907171
19ed43d5fadf97dcda1fbbca4231195b.jpg,0.9656496
1b35df171a0bead04cf46f2aaef2c2a2.jpg,0.99999785
1b4094e4fd1ac664db583142462af6a5.jpg,0.9999999
1b5ab04b51fccbd0da5377a0b3be943b.jpg,0.99998796
1b94fbaf9e8fdb0dae12581a0611a525.jpg,0.99978644
1ca18935f1c45aaefd9206d17f675466.jpg,0.9980634
1ca28edc748d4aec982dcb03e6d2a9cb.jpg,0.99996567
1d01c674c5062337f4d086ffb08d61a7.jpg,0.99891603
1d7c5e42f3ffcc470d821dab97a0670a.jpg,1.0
1dbbb51d1393c30aa61e3facc8fe4136.jpg,0.9649648
1dc98b169c7b69d9883fe42cc92150f2.jpg,0.99988186
1e273ebd238399533936771e5411c04e.jpg,0.03821226
1e9b03f396eb7404630212bbeb9ced7f.jpg,0.9690197
1ee26fb5139943e4fa7533312657db20.jpg,0.87805367
1f0ae8bcbd96eb555b7e4b0e88422e79.jpg,0.99834204
1f53eb37e8cf63521a5a7eb11126f15e.jpg,0.99944264
1fa3097b72e43b4b1d793698ba71a532.jpg,0.91963553
205e480986462e297035ae2ed0bf2851.jpg,0.98452836
20bfd011f83dc754735d54757491c479.jpg,0.048338965
21438e690b05932b5850b52335839d2c.jpg,0.999977
21743e03dad0f7d3eed10e0f67527780.jpg,0.02355976
219431eae1f196ae70e358d1727d39a5.jpg,0.0009320155
22cb7293b627e6fcaab4765bf155c7b8.jpg,0.8311145
23552eecc31111ce9b5bd779a11572c0.jpg,0.07590924
23b2533a194ca938f74a941cf0382e1c.jpg,0.99982005
247105822a2b7603b06dc59121bee6e6.jpg,0.98347306
2570f2343978f64561044ebd7619d50d.jpg,0.99958485
258d7cebe55f9763e3096113c6b39c85.jpg,0.7031885
25e7278efbe2e54e344d3edbc7a73437.jpg,0.58796626
26fe04c93d353b994e1030c6847ee51a.jpg,0.4531466
273c9381bc672d0093c10aa163dde82c.jpg,0.9997676
27ada1af262ea9ae8febe0979901df29.jpg,0.9994804
27e34b44810394b397f9c02d65337107.jpg,0.7516315
27e8dad1c5877f6bede1888b269dd199.jpg,0.9922151
28403684dfebbe69d49da29f5b3a7922.jpg,0.2277905
2870f2f2f6814bedaff6ed0597b652c4.jpg,0.68905246
28987f475f5b256fa4c1f4cc8c6a7839.jpg,0.10475318
28d993df9e03f6b7715a8e4de7d6db72.jpg,0.036336437
293c0507ecb7881e43be436d98757b5f.jpg,0.015884401
2997bb0cf036fdd6c9746f6115fb13dc.jpg,0.99999905
29a30846654810c006a9ba5c421d3fbe.jpg,0.9979169
29bc421c1fe24dff902318dbd7aee545.jpg,0.9998878
29c0305bd49771dc8b0810e6c6c36ad1.jpg,0.9996767
29eb43d77b7b6c76364d34e5ce2c14dc.jpg,0.99999905
2a5eb344925b79bf162a2f7ba2f78b6e.jpg,0.9139299
2a98904a7f894e68b81af979e03251d2.jpg,0.999987
2a9d003275cc6b58144afbbe27b0117c.jpg,0.2255521
2ad75b4984ae4ea76f4b427454b550a3.jpg,0.9999826
2bda8eb5557f4e741f03cec12c54bd90.jpg,0.99778014
2c06f70d3bea75057415996926f0d940.jpg,0.98910195
2c1b5857b386a5d54e385ad0f4b593f5.jpg,0.9385751
2cdae4ccbd135812fe348bf3490a253c.jpg,0.9998796
2d479b396094f7914c9960db8810c651.jpg,0.9999945
2d8e142eddac86c6c2c9ca6342371fea.jpg,0.9831903
2da96fa5107f55bc7c2b1f5de04ef2fb.jpg,0.30101278
2e3442c1e87f912e1bce89398aa58b25.jpg,0.225966
2e984dbf30ba43750b3e1d736f07ca29.jpg,0.31719273
301d5542f6a1a8ec4c048e1daeeed699.jpg,0.01663903
3084720648546f30a6ae376f93544d64.jpg,0.016846683
30a46f910c922e28ae4c343aaabcb801.jpg,0.99852186
30b0cbfbeee4b3cefd9611cbdf4a53dc.jpg,0.99868804
313127b419d83438fc0a1ac6e141be02.jpg,0.98529136
315c762117ac8fc91cd69e089089ebe4.jpg,0.9999974
31cdd187041aa2072ce90787aec04fc4.jpg,0.8456121
329f9b5a3d3d9ccb3d6c22bf96a47751.jpg,0.999984
32ce0029f946fd66c2417ab8dbac2e76.jpg,0.31191665
33ed9787345010e5753d3c64a712f140.jpg,1.0
34abb36d35673979813235c2046be83f.jpg,0.9998877
354dc344816744e4481d254fb93887f4.jpg,0.008091673
36bbfbbab7cc091b1fec11e74fa5e0cd.jpg,0.9783505
37026987a50d829a2c1bf7b22639e75f.jpg,0.99993765
3722e828f1b64693ed93b8755ce6b6f2.jpg,0.07125136
37c25a0e215940d5c4dd5e4ccf23ba84.jpg,0.070700295
37e3db6e3d850c5882674c578b95e739.jpg,0.23754396
3831b75f3d931d1ec94487a414b9963e.jpg,0.668175
384af9df008a28421ecbd114dbc6505b.jpg,0.019118965
3887b0f0408898027099e9f43ab9d803.jpg,0.16630208
389830ab20c7f6142d502b7ed4de5316.jpg,0.9026816
38df482582c4419b8cccc7d18b48ef72.jpg,0.9984565
38ef468aa3995bea35145278f8b29ecb.jpg,0.9916176
39038808907a7faa597345e2fe7b5a85.jpg,0.9999889
3905991da5357896b26afca507b3fc54.jpg,0.9999144
391a77f028801658d24612ac438dfc87.jpg,0.8718467
3b98ca3464875082e8d4b72c306ae859.jpg,1.0
3be9dc78b15c366c7174ee8025e2cf06.jpg,0.99999976
3c2515bd2f649e8a27d8fc7b224a3505.jpg,0.99990964
3c2f7b222503b13b3a1db0d72683e8b4.jpg,0.99999964
3c48cf815675f87340fe29cc2f1a463a.jpg,0.99990726
3d784971e83dd60cbae538b8f731a9d0.jpg,0.72659194
3dd68328c0384a24b264eb2041345eb1.jpg,0.99935967
3ec0e8649ff13d09a6778db25e7e37cb.jpg,0.9980596
40aee07e79d644b4afc313a2417fd07e.jpg,0.9999993
4115a7fb00577757a9c96faac6dc52e1.jpg,0.9999337
41348a5127aaf7d9fd9894922cef3181.jpg,0.58886266
415125f3987addf59da7d56309493cc2.jpg,0.9999949
41cb975129d70267ca9477b6b8e7a76c.jpg,0.99886096
42062ce91dda4e1b51301fcc01f96672.jpg,0.9984781
42600847aaf042941e7ff278c08440a2.jpg,0.032249384
42f50902b71a7f85c57d681bb99f2a20.jpg,0.99556535
43582365b9d2bfa07e97e24bbf733ebd.jpg,0.8865307
437bcbcf214be06e30a7fbe2e84f45bf.jpg,0.9996593
437e3468266aeedf80e0dfeb3841e453.jpg,0.9999913
43edfb05843154405b46705984508e1d.jpg,0.039880946
440889c859036b67e99de7d8a329cf45.jpg,0.99993217
44bbe22340408c88080ab06fcc605b53.jpg,0.033782955
450beda02836d1a92f40314ff694e1cb.jpg,0.49257606
45260890c3b37c471d4969f65ffc167d.jpg,0.9998679
453acffa375d0ccdb15efb5f382ab7bc.jpg,0.99980134
4583c152f9f9c2c5628512da7a03160d.jpg,0.3379064
477bdb183410284ecc0196b176f3cc28.jpg,0.963999
47f868e44d84bdefb8f19fe1bf72a9a4.jpg,0.9999999
4840caadde0a1aa98a32722b24fa485b.jpg,0.6693347
4884ba499e8d940fb87063bcb895ca53.jpg,0.1979991
489992abb311c8e67cb7919f0e26f13f.jpg,0.99999917
491bdd3ccefd0e4da70efa2d969702d8.jpg,0.39628044
49309f657c5b1d71946070f28b84dfbb.jpg,0.9974353
495a2840e5a302e803dfaaf62ccf04ca.jpg,0.052568205
4a1dece70163d0604219c09d08afd4a6.jpg,0.5024556
4bed26e416addcb9bbdeb16b4abbce4c.jpg,1.0
4c73bac6e1b923052527311dbd0cb45d.jpg,0.7856206
4c79efc2a30f1e2881c71734260804a9.jpg,0.99999094
4ce94523626026b04920d7e6b802622c.jpg,0.02386353
4d65ea7ffc56da321db983b0003ec135.jpg,0.99872595
4e99c32a88977174ce941b4546409b7f.jpg,0.9878414
4ec4d43a90fa35da161b6953e6d12da4.jpg,0.052314006
4f104d15ba164db4e1aa235e8ced249f.jpg,0.99999595
4f4aaba48d77a8379295743917e95f18.jpg,0.35271144
4f5ec7c1c3286f859c7f34c62233f723.jpg,0.99607533
4fe5afabedcc9eebe66b14c2f1f3d4f1.jpg,0.99283916
50488e5aaa66c5eed14434b45a3131f7.jpg,0.99993694
50754266ea9bf2a47523e10d1e5f3eb4.jpg,0.999508
5118a2b58f5872984cf70ce69b7aceac.jpg,0.9987018
51208f74d31eb211f4a01777bd29151f.jpg,0.96315897
51510df589df6439df817c8a45ffcc76.jpg,0.028474579
51fd7e7b199246bc2e131e97da0e58c4.jpg,0.99999964
52098e842aec3606c40cf09cc5b7be80.jpg,0.9999155
526988b175bf76891619f6c91c1a45ed.jpg,0.4056589
52e901280993df47a0a4f595721389cf.jpg,0.9999664
537f455252cf7622ae048a45192ba4e3.jpg,0.31355268
53a3e1f3e3e995ab13e28e308c29a650.jpg,0.16533126
53b9209b53d6d182edc3599279e55e75.jpg,0.9997203
54302cc572dba7d3add00edcc7dd31d6.jpg,0.111085355
553a804cdeee1721514bec58fbc77e55.jpg,0.1663851
55685968a6119dafd6f44d5cef4642ab.jpg,0.99987984
558f082dc5eb3ac2b35b9a43735cca5c.jpg,0.14528833
55a3bf603c51d29e441bd440c50d4cda.jpg,0.9999974
5637b84c6e6c01f29b1e7d77227bc107.jpg,0.9870207
564fbb297130391cf7291d7ac4a0fc3e.jpg,0.9876139
56830457dd08928e3ab8151def525de8.jpg,0.99998105
568a15a8eae0d73f95a772e9440024a8.jpg,0.9998958
577a8179b7cd20682cd80af285d74097.jpg,0.93454397
579b382bcc7a301293d33df9af7caf1e.jpg,0.57469344
582252be1669b14b9201a6252c25300d.jpg,0.03234697
5842a1f697dafeccb33df0d0a482a397.jpg,0.99850947
5871cc3a2a247210837b5f90c50ebf0a.jpg,0.93851966
587297e35bec915a3e77b2d479a7ac87.jpg,0.9845206
58b837996bf2837d2be5898049f722d2.jpg,1.0
59076c48ae2f626b5b3da8e7a4a620a6.jpg,0.53429574
5939f32daa76c43ec74ba9b0d075cfc3.jpg,0.9998006
594b8c029bfe1a2e0e3c40c01a36cca6.jpg,0.9988625
599b0eb616593b272847c7585f91180b.jpg,0.9999993
59b4f72728c02e49a1d024e4f5c49b14.jpg,0.99999475
59cd6df84dd9c7d951d129a4d34d9cbf.jpg,0.73244095
5a61827f6f4ac7a416cb9d8151314bda.jpg,0.9995245
5b0e08c124f700b29ff18b8552fbbe33.jpg,0.9994579
5b5c221bba0f4ad286d76ccf7c6cdad2.jpg,0.99990714
5dff33b05fdde115e5ba5d086fbc463f.jpg,0.88708484
5e11494fc2c3fea736b300c77db453b8.jpg,0.031482268
5e75dba674cf487ae01e955912f456c8.jpg,0.99949193
5ec783dcba01a19d21cc239dc41edc66.jpg,0.9982072
5ef0a8bc0577f2b7f2e6a8949d127064.jpg,0.0060403985
5ef16d300846dadbe195fb14c6df76d2.jpg,0.90391356
5ff55c18529f4205cd9b4751c80b8ed2.jpg,0.14635141
602c5fcafba3876d812d8ec156ac72a0.jpg,0.99379313
606a957ecaa5be47a04873b177796b0d.jpg,0.99079037
616b8b925446b6c8aa10e48196f627ae.jpg,0.25775564
61cb61c548bfd31916756a8347927fa9.jpg,0.7503042
621244efafed61145b8a842ebde00035.jpg,0.9999987
622a7eb5a478e779bea3f0c443168133.jpg,1.0
62c8833d403d58ee3a17141cd1d6f1b9.jpg,0.999961
62e0802c93e79cda3e75d5c02544e163.jpg,0.997338
6471b67b1ca6e6fa81459f8d20f85277.jpg,0.9965149
64774ea253d56d896e0f819ab69683ec.jpg,0.9961669
65dd7bfbf99520c4d5a5864e0ee1af29.jpg,0.034811478
65f5d1a2da1a33d6e03464381e2e830c.jpg,0.9919503
66b38a6adae3e053fc47f06f58cca413.jpg,0.9997123
6711d58740a5f44990770bc7d6e71eef.jpg,0.16803162
677005d47b901226fc0b3aaf4de1a66f.jpg,0.84140223
682e423e37ad86c510bc8243964187bc.jpg,0.2867973
68de86406d829aea2b32cdb9eb46692e.jpg,1.0
69301c2ba574c53835f1f5b939d61e55.jpg,0.09498217
69915b07dcbb902df2cc0cb8840b7384.jpg,0.99995387
69bdf14fa5553dca4a1a570500c698a2.jpg,0.45927048
6a52db0005091d1c7df4d9d9a51a0837.jpg,0.21095186
6a8fdb349d656285ec05127442af940e.jpg,0.9591179
6c015cd5f5fac7399c93c0d191d41ff4.jpg,0.95515865
6c444af8a50e017df9a425019fb00758.jpg,0.99987876
6d80ea1fb933346defa5f5b9d4a6a8c5.jpg,0.3335679
6e6fa01f79a02aad0bc4515e712a3241.jpg,0.04208596
6eb010f6b838fdd35c39a41b2559b078.jpg,0.1559927
6ef2897815bba68a30593f06af33eea0.jpg,0.94230425
6f1b39233ef43923ad361198550a4779.jpg,0.99999595
6fa58fa1499e81b5e8522c93e8cc3322.jpg,0.3794444
702a2ec5c69500fdb6e7b8926aa76e6f.jpg,0.9997569
704dbdde67a56954a9a5297f088b2b49.jpg,0.99934906
70b89afdaf537231aacd724dee69ca66.jpg,0.9998728
71c02e0a2d81b1bb421de720d980e955.jpg,0.18504553
720ed888539efe47355b4d38530c6114.jpg,0.96082604
7227c133e5919bc080714cf414faa204.jpg,0.9510901
723e87c820acb5df44d0a26867be1f76.jpg,0.98406756
7242d2369aa19ce7732e396ee53b6dc6.jpg,0.99999905
724b5d4629510c5dead2fcaf81fb7808.jpg,0.8883753
725e8ef6437a6e7e41adba09553e596b.jpg,0.9403025
73293535bbcffb7c7632d496ac114ca0.jpg,0.48443303
73fb8963d919cf8af7ab9b95cd6cb732.jpg,0.9925436
74382788b1a72b5445b04c883b00d932.jpg,0.9980457
7582b130c8a7b411ab09446f7cd7d05d.jpg,0.9962365
765701e3f8a7ca1aa975d9a858e823cf.jpg,0.9999423
77238cfb6a5e0d31d3007328cac4e036.jpg,0.9956729
775c0d52bbca05bbd53b2458623be982.jpg,0.85333264
77e75b185fff2ff5f545e53fad14bf8d.jpg,0.99998295
7867b10b7cc88e7bbb87862cc45d820e.jpg,1.0
78d981aead59c06fd479b0b257b8da73.jpg,0.08616685
792fc28b3e27b0ac33567bd368505cdc.jpg,0.91625565
794dc12e9cf0f93e6fb30bfa15225813.jpg,0.6439419
7a4c424abbc6b5e8928492a0bb352d4f.jpg,0.99613404
7ac82e81e0631f374d48178be2106611.jpg,0.19030303
7afa19cac84d8b47455d74b59ef12f9b.jpg,0.3771175
7b79cb13e9d1062e9eb3303c438b0571.jpg,0.025011126
7b8023c559d43d5629c680b8e2fd387b.jpg,0.9942028
7bdd5e385aa6302bd0c9cd4482e88d06.jpg,0.72236884
7d5bb477c2fbf6c95ac4e36528e7f2a0.jpg,0.9983833
7d5cbb71790f8a3fe65eefe0b7d2c757.jpg,0.18710339
7de98b2d4680bd6741b16f92dbe114ba.jpg,0.99999774
7e2437f459ec11cdb9753c05e04b9512.jpg,0.9999999
7e35a84280d4fbc51c43267fb21d82e7.jpg,0.27332222
7e5014bda1b80d9e20c58e821873b97a.jpg,0.9998148
80b53455cb5d2f9df4612d04d95f7978.jpg,0.9934028
80cc488d4f793836d26cefdaa3b41e42.jpg,0.70865
8127b1e1938ed896a7018594806e5efe.jpg,0.97264063
81594b07e9d0677567b6e37072530e31.jpg,0.9997048
81d345ca23b0b2f33c19e7fb6dedfa21.jpg,0.099537335
81f2e5b98b13fb65133e99eac88129be.jpg,0.8463897
82146ec47cb74e87fe2a1690cab15dfe.jpg,0.9999888
822e4eccc79129f0352b8d263fb95b64.jpg,1.0
82bfb9627c835dc72c45f6b7af66ffe0.jpg,0.927192
8303aa0d87bd2bb11fcde4029d65949a.jpg,0.14354737
83337bb3817dbd34aced78703a2ef457.jpg,0.999946
83390187ba63636299d43c8d2f00ae1e.jpg,0.15381299
836743155c8b727a3c7fe7db5cd3ea73.jpg,0.6685312
83e94555e06d99a8dca2427ba1bea9cf.jpg,0.99925405
84549071a72912fb4163e4fe2015754f.jpg,0.18162423
85b3e663633d6b144a7a433edb129d70.jpg,0.9922742
86173eaa2b948bffea8a8abb4f0b7616.jpg,0.022013655
861b752fe18f70d53e24d38df22ac9bf.jpg,0.9999994
86251607fa2fc89f29e60e85a8850b93.jpg,0.9999999
86bd0d3c34994b89b502c6ee540f512e.jpg,0.7716817
86d7f1004753f11c95938a1121ed1c83.jpg,0.9957112
870a0013ccde5a4032c4681471d891eb.jpg,0.8927548
8731e01177e965c79e36dc6e58b1fb47.jpg,0.12880366
87ae84791b79a892904486cf3a5e54e9.jpg,0.059217066
87f4deeaf4a66a03986a8af1e4265521.jpg,0.92659855
88ec2126024bbb0c3fa6801803d029ba.jpg,0.99593383
8909644f551b2f1a13355a8decb6e5dc.jpg,0.99997294
89329fee817f1e91bc250d614b6d6662.jpg,0.3076994
89552902e52c329f1d8cc96acb22bc5f.jpg,0.97332776
89902fde6e5cebedfaf5c535ec15d1b3.jpg,0.995611
8a0134b32b0ab1819efd6d08bf63fe8e.jpg,0.9954407
8ae8195d5ff8839f9730e8099c8dafa0.jpg,1.0
8ba44914660c29c927fe433ebea5a37c.jpg,0.13374248
8c37440dd8e9d5850a32f66def69f315.jpg,0.8944861
8c3939a6d6eb8a35c6ee3121f6792121.jpg,0.8361098
8c793890245823a3ee494bab31d99386.jpg,0.39389157
8ca693d7310f59c5c60f40804ca9ab9b.jpg,0.9965372
8cd7ba9004d62d714e5670c5a22ce604.jpg,0.97375137
8cd86ceda8f89a881f8cbec12746dc15.jpg,0.00869239
8e585b372ee10da864b1fd60f7cee013.jpg,1.0
8f2acebbd905cfec03a648c52748d625.jpg,0.12241254
8f2b16520c1e4f1d7af54da2accca4c5.jpg,0.77153355
915d7ed4049dc13032c19ba7f971decf.jpg,0.9983595
9175ecdabf1873a9602b4c407f3370f9.jpg,0.19944292
922b6b1c16abccbdcb5084d29c290376.jpg,0.99998665
928e4f7a2866e366e3133997a0c77535.jpg,0.9935406
93afa33cb920358e2da371bc07607264.jpg,0.7135358
93c0ebe67e0508bec6eb831911913369.jpg,0.06689335
940aa972da2fdebddad0d11c88f0bf21.jpg,0.99999464
942e0539f154769f0cd34b4103ca117d.jpg,0.0122579485
944fa03007d22b1023b16c99557e82f6.jpg,0.99935657
9494c74023990f872eba0aedfd6a4148.jpg,0.9990676
950be79792c67e1050a69b39deb28932.jpg,0.01570567
951b22861e3d85544e6339786399dc6b.jpg,0.93486917
96070aa1184ab732689dbbabb50716a0.jpg,0.99975103
9608f57e9f1d0540dd454b37c1124320.jpg,0.99909365
963bb568f6395340fc6a9a2231657029.jpg,0.9999932
966175f76bf508e1d5145b1407600b18.jpg,0.70318395
968f14c808453f79beced7d781a3ef3a.jpg,0.0419067
974be8fa90021d77f0785919530d677a.jpg,1.0
97a96ee58861cecc11fd27a03fade43a.jpg,0.91944027
990b78e34a3103002450e186bad006f4.jpg,0.9941303
9927a708845620756a96e6e24ac39af2.jpg,0.9207952
9ac77803e731eb03c444fb2bbee86b69.jpg,0.16176172
9b3a3d84676c4f484575b534663fa873.jpg,0.99518114
9b66fddab436adf22a543b606e2b8787.jpg,0.98545223
9ba96e6074f046dc8f261d0d9098eaf0.jpg,0.0910864
9bd27e2bb03f95c311010e2397e8fba0.jpg,1.0
9c48b7f45f811ff28c1ae241251e5872.jpg,0.5375297
9d0b0786baa2d5c9e46e2a30875bb1c0.jpg,0.7016116
9d2f7aa29cbd296dba0e482e1f6ece22.jpg,0.91629636
9d2fd47b472a9e2c8ebe5c34aa153ae0.jpg,0.41584012
9d5d34e7b18be1b43f6edf5469bca16e.jpg,0.94007975
9d6eb164b2be1bd276afd617e337549f.jpg,0.99998164
9dbe6a1e8df40ecad7972da4147faabf.jpg,0.36069015
9dc69e63bdb7aac64217793593a07429.jpg,0.9992094
9dcb475d106f173af4b176a5e7136113.jpg,0.94797283
9e6e76717634a6f75d56968554e04f74.jpg,0.26692092
9f0a6e1aba5872757a25e4915f7c0074.jpg,0.94523907
9f3d3790728963f092b47c43bad1e397.jpg,0.9999869
a1896ca9f01aa035cda660c77ba49c26.jpg,0.41938654
a2cc201b7acfc610c05e459c682cdf7c.jpg,0.9006494
a30b9207440ea278a9ce8cd52bada09c.jpg,0.9978471
a33e3013098933c17cb36db798ece752.jpg,0.9990914
a3938f49cd0fc5b4d8b6a2a222d23c31.jpg,0.9935202
a45d7c2c84a7ebf97e2e5352a2484c51.jpg,0.99973005
a46c9e37557f1350ee45c02eb281ec9c.jpg,0.9184141
a4d8cd0f538dec079ee844e2c7d000f0.jpg,0.62368166
a58358ef18543833d101800355f90c2d.jpg,0.9903661
a59a33c4b8a9f1e5312c5c5a830945b3.jpg,0.16692811
a5b803c49c835bd2b4a6bee72188db9d.jpg,0.9518355
a5bafc264d13baa45877d70d5c55f981.jpg,0.9960936
a5c10925b080eb564e6f4231d6ade4ab.jpg,0.9961987
a5ff8c644b4398e7f061b61cb3dcfa0b.jpg,0.9994019
a6378cf6029f28b6d96d05b71b242371.jpg,0.9519801
a6a1385abbdf60fd8e928a5ccbe434bb.jpg,0.5865634
a76b0a5b42daaffbebeed537f2e20cc7.jpg,0.9988612
a85a43388f7167d197a950bc70f7d5cf.jpg,0.8105552
a97bf8848391cc2effee3a2d3c68c0d8.jpg,0.99822
a97cb055eb89e93155b0adb4fe951fab.jpg,0.99119747
a9dd04c4ae36aadb752f594b899dc7cc.jpg,0.024758846
aab76adb3c44062b826d06f4787c2563.jpg,0.9996644
abd389c8cdfe998d27bb21e17b881056.jpg,0.56688166
abe685b80671944a7d3a7f935e13cd68.jpg,0.9997856
ac03281cf3822e9f1a8109e2ac8ae8a7.jpg,0.97268045
ac14164a775fc645a3f7532bc0cae56a.jpg,0.99992573
ac904c7b1c8a18ef867a8e26637df89a.jpg,0.98604244
ac9fc6d754de9207c5581c8c17fadce0.jpg,0.73849493
acd5660160353a5898ff1c82b8831bd7.jpg,0.67988175
ad21ec6911e919c8d68ec0392e774455.jpg,0.75031734
ad812142fe92ba40447ceb93d65dee6b.jpg,0.09285157
ad90a595ba8284ca8f311368a02dc48a.jpg,0.3589729
adb5b91405ccbbf5405d8af950beb493.jpg,0.7775267
addc025e5143f9eead237c1814f72962.jpg,0.9400867
ae1dd58469f617ee37508bdd8d8686ae.jpg,0.011021161
ae492c70efec712006c86c5575058b4e.jpg,0.36262932
aef3b64b1ce738943ab5d331af62cb81.jpg,0.9999926
af84b73e222fcca8f157262586c0b241.jpg,0.41186267
afa55354f86ed38672004bc0866bab9f.jpg,0.9734105
b0e261de9f1a2e4d05bf2dc9eb821892.jpg,0.058167893
b1203e00bc0709cbc3de7f4d7bf29354.jpg,0.99790156
b1ed6a7eca48feb5f3e2c07285854041.jpg,0.97906107
b1fbe263734b5a4be105b5926bdc63c1.jpg,0.9960978
b239d719f52a08671ad66d984a62114e.jpg,0.99999774
b245cb05d5e48d865fb8fb6ff2d9007b.jpg,0.36112803
b2f19233cfc4cdc8d63ea3c0b2234af3.jpg,0.40470052
b3120ed8634182310be535284b8a52a9.jpg,0.99433655
b4c0844c02c6fc0af54e5a9a483ea4c7.jpg,0.92773646
b558254e3fedda43f2c4187713737277.jpg,0.13312353
b6de72df3016ee0ca1a6f8af5c125da4.jpg,0.91912484
b8177c966cb0fc6ff1b3f902871ad25d.jpg,0.08092713
b902656bd3c684cef2a07ba70352d4fc.jpg,0.99995446
b9a0f3684e9e5fc074bd9aeb24c618d7.jpg,0.34675017
b9c2e526acc01f29a070405e4ba9beb0.jpg,0.99983644
baace54fdc35597ff200ef580b748635.jpg,0.99789304
babad7d4aceedd390737060f0f4b3c84.jpg,0.06700464
bb8e4a9f7075597ef13c2610e209747a.jpg,0.9573018
bbf00cd231d2cfbc66d694b20451aaef.jpg,0.13731529
bc10df6f86f28a798e2babda5b42efc8.jpg,0.75445086
bd151d5671492e842c3473b77e176f05.jpg,0.9996007
bda304ad8af942923c99dae1408280d3.jpg,0.99998295
bdfe709c4fd1e8f0217e220c37baec22.jpg,0.99254555
be86151843b24d62cef3c9a838e790d3.jpg,0.9996321
bec109a171ea8d0f17b6d66e0ace2868.jpg,0.7889905
bf12b8a018ddfd0c49d453a4b90d862c.jpg,0.9568998
bf32e747956ee3b1d063a703fedb810e.jpg,0.99999917
bfd04f59e2692f9617fc3511ecce5848.jpg,0.7308194
c0ddb78a72d7cc7e3ca19fb3d79d5547.jpg,0.93682915
c0f76229f7d410b1d831e66c57ae96f7.jpg,0.8944203
c10a2c2c7c100b93ec08bb68c51338e7.jpg,0.23397015
c12bb2bab2b2417fa27b9f6ac03f04f3.jpg,0.8083539
c1612ec22c31ee11e4afb48ea0fcebcc.jpg,0.98037523
c168081f81519253b5c40876e758da1b.jpg,1.0
c1a2fdc287506e61cb2939f3be3cb1a0.jpg,0.99394304
c257eaf2564d53e02af349f43b04eeac.jpg,1.0
c2a39a77aca8f9ddce71ed3da8a05d3e.jpg,0.19237305
c2bc23922a9a8df6d5810bc400dcfb18.jpg,0.9632489
c2fd8c31c04cdaf9157c4246298b0cf0.jpg,0.9809425
c344d0c465aa2da54f799da8f8764335.jpg,0.9954957
c35ece92f6c877edc03cd99ad9f5717b.jpg,0.7907784
c5737e649e7242f0c165447d2cb847a9.jpg,0.68833023
c5869b690a23a882fa024ce46c9ec99e.jpg,0.99992585
c6dc64ca7345d74c1ec69ebb8b013eb3.jpg,0.1625072
c6fc69aa76bf1aa1480965bf1da0fb66.jpg,0.9999598
c706c64dafe95451e1539fb0d4000949.jpg,0.999653
c7b88c7ba5244da1472c8bac24e4b9a1.jpg,0.9976675
c7f58ab9d35f8e92291ca21d0d100d99.jpg,0.9997943
c7f73aeaa55e498ed335db6ab1d922e0.jpg,0.9999273
c96df9f6fed0cbccf6125eb1b7b6fbdf.jpg,0.09283441
ca05ef8fa752a0f8eec56e82b98562d5.jpg,0.99883634
ca2e16f37a1c401bff77a183346305e0.jpg,0.9442936
ca6cf13f53b5f4a6b6d9195558d0592f.jpg,0.99998033
caae83fcfb189b975eae25e681a21bd2.jpg,0.999954
cb540176a51ab03944a8e668973ce471.jpg,0.022945218
cb5d0a73de1bfee26eaad4dcc33ffd9b.jpg,0.026343547
cb722741ad19b337b7eb3c37e5b511e3.jpg,0.13773389
cc367154a8d16e54fdbd8349c2bb6ce9.jpg,0.53597355
cc3e0022114fe080fe8f607a61c53d6b.jpg,0.99934226
cd0b7dca40d2486d433be71accab8499.jpg,1.0
cd34a7e1c077a88716b85c193c7794ac.jpg,0.78119755
cd601b92f08c336733f43569f9bb6433.jpg,0.98489285
cd7010d3d7812a2859c1a8fb86e484f5.jpg,0.986667
cdcd7a1365db723be7d0f6efb0c29ee3.jpg,0.67634463
ce777a2944b3952fa47129200aec17c1.jpg,0.078229904
cede2fe21fe5ccb511c80ea65b984d7d.jpg,0.9656784
cf4fdc72e7515198b8f44b872e3a3880.jpg,0.9627461
cfd40f7d922cfca122adce64bc9ec391.jpg,0.6401737
cfdc177e468bbb3591db322a52234613.jpg,0.9419212
d056b07b470d3f757607466fb9bb27db.jpg,0.9418824
d086de1a7e855b857af094c2a129874c.jpg,0.9941315
d0ae524d1121fa1e22b27da41f7e0021.jpg,0.95433927
d148b124a1b3951961cafbb8c5ddf438.jpg,0.14102864
d2658dcb2e2d4607c86dfa987189d992.jpg,0.6755612
d2976c362b8930782cafa587450785bb.jpg,0.9999999
d2f9162e41b5e0fc39aef484ffdb9f2d.jpg,0.999985
d3db801bafb92156491987d1c698c70b.jpg,0.041426226
d4383134f1d92b79c02c36a6c61f7713.jpg,0.99530387
d43c5bc1a2c52a9084945df49f897391.jpg,0.43863386
d51e994b82af2d8620e30ec9b070d844.jpg,0.9999949
d54c17412e92e8e1c5933a57f042444c.jpg,0.9902514
d55ac03389b8d82152e39ac8c4f1b8de.jpg,0.21346949
d5a91681424f366d3c18bb63fe15de08.jpg,0.99993837
d78ac863db3f4cbdf06cee3e59ef8902.jpg,0.99846727
d7da95d42bff74beaf23fd9cdf600043.jpg,0.119459905
d7f7b48665765c4478d9203b3028dd01.jpg,0.9997907
d84d59d0848dbffee111dd8006cae7fe.jpg,0.99990976
d86464c31dfef5006d56c1c7431e95fb.jpg,0.27845562
d876362b0705ed69a1ec6dda5748e3e3.jpg,0.9998115
d889117dff123c54ad5120099321d57e.jpg,0.99993443
d91d468e1ef719e5f3f6463d43b70293.jpg,0.8219047
d91ea14649090f796b2a7e6a65b89440.jpg,0.19638
d9f87a5ceef3ed147606fa98be86afd2.jpg,0.9996333
dc019bda4f2b188c4c5e7ae4ce9b47c9.jpg,0.99976605
dcb4a01f1b03af4778748234a778f6ad.jpg,0.98488855
dcbec9d70d19ed720f8c5d1090c71504.jpg,0.999559
deeaf3a287ad6493e0aa195d28ea3492.jpg,0.12888855
df1f43194a0aef66f800762553c13706.jpg,0.9828697
dfc306dfd8854c1c75b9ca369f2eef5c.jpg,0.28102833
dff02b70ddb5c4ea2201742006924119.jpg,0.01142468
e0b9e4d127fcdfbd4bc0791c51b7c37a.jpg,0.9838008
e1283d629808e1aba46490024b4452c6.jpg,0.09322742
e1a1ea57095ff6c915640964d9f2e9ca.jpg,0.99958974
e1cffcd5572a06578bfaa305f5587af8.jpg,0.8582094
e222913d7cbd74d634f8e5bb9e725c6f.jpg,0.99991107
e22b040a87bbfdf7a49d5180677757fb.jpg,0.999992
e24ed1b577ec78b6a7b1bc7e23a6440f.jpg,0.8775258
e28d6a95389ec7f084fbbc69d77c2a92.jpg,0.89567816
e2c235e9617223448b1a57c499302f21.jpg,0.99986863
e2ec4e61a493c8da025e3efb07606d75.jpg,0.069439076
e2faa04cf2379c53b21b36f4af4a210f.jpg,1.0
e33126baf20547c3aa859c134d5f5c64.jpg,0.9999856
e373a576b2c0fc36f1d034789b8a97ff.jpg,0.0872693
e3cb2be3ae821ae626aa7f77a277a9ee.jpg,0.21928056
e432f5d9fbbfbd990105d9b365fe12d2.jpg,0.9864617
e46588358d4ffd0a74d9aff6be5d705a.jpg,0.98680043
e55c6a1372ccc1bcd16a0893838a182a.jpg,0.78161836
e55ff78a43e8adf9bb8272d81f4fb90b.jpg,0.93342227
e5c7ec6490952a47824e2ce84ab071c7.jpg,0.96559006
e69d4c68d8e84a2d1212cef495e4c31f.jpg,0.9999912
e6f6c5cddeccb9829268c2b11c38ea74.jpg,0.36564666
e7231068cdd37a9994bcae339445e806.jpg,0.21671595
e7d3d2199ab9cc6bcbeef6d6a877042e.jpg,0.4956901
e8f22d81bcb0017ff0b27d46af8af2e2.jpg,0.014888911
e8fdd761843dd8978f0ba8f2160b0ed4.jpg,0.4535836
e90d71674052823d8909d75e713c9b20.jpg,0.99996984
eb7070d511347fd33bed2e43ed511cb2.jpg,0.99966705
ec852387407d59383337011d7ab07e65.jpg,0.99997056
ecd9f8c6de75db98b8454ac25f76418c.jpg,0.9987759
ecfe66a7dc05e6bcb2fce4214b5dd2c1.jpg,0.19414653
ed0c8a1e467055c12c890917d9d010de.jpg,0.9982418
edbe10c6455c91072af3cfba1c61f269.jpg,0.9923489
ede5018d08abb83cb49d719c099b5aa7.jpg,0.9995111
ee1af2cbfba3ae37ddf4269d45eef9a0.jpg,0.9997253
eecf12d34c3ec5f6df3986506d8f4320.jpg,0.649686
eef685cf0191f3edb82a6651deec46cc.jpg,0.88860095
ef098bc3fc49008e719447efb327459c.jpg,0.65739816
ef1a323549c99e9b4031c958b4aa78d0.jpg,0.7607025
ef1e093c7a7cefa0ca2b3a1ca137c549.jpg,0.84991395
ef448d40e89ef1dbca73569a8b34d32f.jpg,0.13283361
ef62fac714fd08eb1b0c06c7099b20a2.jpg,0.42598236
ef6e59b95167bbfbc03183fada89f2f5.jpg,0.67804307
efb9d116a73f962080d9f6a17d82b642.jpg,0.9840185
f064bc0207c5451943386b56fb08bfef.jpg,1.0
f084a12ec1eec1a29e865d4d46299936.jpg,0.9979127
f0b8cafc3891004af4925bc34f417884.jpg,0.042464167
f0b8d838490443501a5ff4dddda91310.jpg,0.9999771
f0c4f1f55e86a5a77058f62fd1ecd380.jpg,0.078422606
f1080c744f47e240d5e3208ee6e33a21.jpg,0.9960061
f120fb0848f7ba3ea92264ea452d75fb.jpg,0.3188665
f2d09fdc05a61820326ecab8946e9524.jpg,0.4676172
f3e32d2488dd22ae040e71a75231ac14.jpg,0.7959476
f499ae27e84a1845950fe993ec56f698.jpg,0.85799783
f616eb8d2582e528edbb826835ff094a.jpg,0.621331
f635fd60441776f4badcf8a9621e5bbf.jpg,0.9999999
f87de032a4e6fc71fc85d7bfe98d0acb.jpg,0.919997
f9083cb6386f2c50d19415444cbe5081.jpg,0.99959093
f978ab58b8e8645a2ef41d97ebcb36a7.jpg,0.50234836
f97a7ab5b3de906ccb46b661d1f66cd1.jpg,0.98859465
f98de9079f96dcae0e5cb15d884ab972.jpg,0.43154135
f993675e41f56d2e4ba34448018797e1.jpg,0.9999497
f9cd24a3a00661ed34217c8b8fb55685.jpg,0.86672086
fa635c4b8fd1584e638ad009072a3671.jpg,0.9827839
faa1e1d8e0136970a65c7a8bac59103f.jpg,0.9999591
fabf0c0bafa32efe8eb82f84328299b9.jpg,0.9987413
faea9ce3d9832c01e37806fcd514f032.jpg,0.99985945
faf6652b02eaf2497e6f9c80ad9af4d4.jpg,0.53314626
fb3c1c09c591ddd08161749a54eeb6f2.jpg,0.06291632
fb4285e15b00776b871f0693b62758f7.jpg,0.99999535
fb79e3247c74cddc66de805d5ff2d9fe.jpg,0.9820228
fb7f081edc7a6dd0e98364c600402ac9.jpg,0.9998667
fc2d8179b6f94aebd7a5f758dcc7930f.jpg,0.9987196
fca957ed15b2f4528bb0d9b1e2f85410.jpg,0.9989498
fe02e0348084d4dc01c04d496ffed04d.jpg,0.99624866
fe5d8978ee58b42ece075693749de421.jpg,0.9918773
fe75763cfe4eb0f7c3fac753a9aedcf5.jpg,0.51513094
fef86e57c26ed4315bd6e47bebc60f62.jpg,0.99989676
fefb7a4babf75060b82f170abb86131e.jpg,1.0
ff7389b969c36f2acf4850f1041653a5.jpg,0.99950385
ffc541fc29378cc75622012288c2fbff.jpg,0.9999987
fff817ab28bcbb67cb8355859d671bfa.jpg,0.009486496
